utterance,intent
Once you go Fever Tree you never go back,not sarcastic
Fun fact: Nelson Mandela once played John Wilkes Booth in a prison theatre production #themoreyouknow,not sarcastic
Excited it's almost Thanksgiving!,not sarcastic
Haven't been on this twitter in forever!,not sarcastic
men are so grimey,not sarcastic
Desperately need to go on a road trip around America,not sarcastic
The last football game I went too. 1 year today. What a night üü°üü¢ #NCFC https://t.co/82mdwMKI3f,not sarcastic
@vaesfa @RepTenney Agree with all that he said with the previso that civilians and arms leave before the last of the troops left....that was Biden's huge error,not sarcastic
"After 22 hours of travelling, it‚Äôs so nice to be homeü•∞",not sarcastic
"Spiritfarer is so good, I bought it several months ago but finally started it tonight #gamer",not sarcastic
Just got off the phone with the human trafficking network again. The woman on the phone was super nice and loved my usual one liner antics. ‚ô°,not sarcastic
can‚Äôt believe I‚Äôm weighing up spending ¬£12.50 on a hotel chocolate advent calendar for myself ... but the heart wants what it wants üòï,not sarcastic
Wow how do y‚Äôall watch basketball just a bunch of dudes running around and bouncing a ball what a snore fest,not sarcastic
"Watching all these important venues closing over time sucks horribly, but this one hurts. Fuck. #FabricReview",not sarcastic
this just in: phobias CAN be chosen and you CAN get rid of them by just not being scared! ü•∞ /s,sarcastic
I'm gonna have a breakdown.,not sarcastic
"you like ketchup but not tomatoes???

grow up",sarcastic
nothing quite says hello 2020 like hypothermia ü•≥,sarcastic
I‚Äôm really looking forward to not hugging my friends and family through choice rather than by law.,sarcastic
the sexual tension between my fist and the computer screen,not sarcastic
The love island producers are RINSING the Sour Album.,not sarcastic
I miss my family‚Äôs road trips. My favorite part of our annual road trip to Canada was buying fried chicken and a banana flavored nesquik in Michigan üòÇ https://t.co/sw7iUWFWBN,not sarcastic
Is it unreasonable to spend ¬£50 on a bonsai tree? Asking for a friend ü§î,sarcastic
ok call me crazy but sometimes i swear i get a little kombucha buzz,not sarcastic
Only 65 days until baby girl is due üòÄ but on the other hand SHIT ONLY 65 DAYS UNTIL SHES DUE!!,not sarcastic
Just realized I don‚Äôt have more than 3 full weeks in a row at work the rest of the year. üíÅüèº‚Äç‚ôÄÔ∏è,not sarcastic
Teachers are such precious gems,not sarcastic
the curious george soundtrack radicalized me at the tender age of four,not sarcastic
Excited for this fall voxbox! #complimentary @Influenster https://t.co/8VtOfkSam5,not sarcastic
The Non-Nonconformists - I'm Just Doing My Job https://t.co/gjocqn4O8L via @YouTube,not sarcastic
"I think I‚Äôve watched the #AfterLife outtakes more than the actual series. Both are brilliant, but the outtakes are non-stop @rickygervais cracking up and I hope there‚Äôs more of it in series 3!",not sarcastic
I was getting off the skii lift today and this dude bumped into me and goes ‚Äúoh i‚Äôm sorry little guy‚Äù ?????? Im literally 20. Also a girl,not sarcastic
talking about the capitol all day like i'm in the hunger games or something,not sarcastic
Best thing to get complimented on is being tan,not sarcastic
"Nero for Wii U - Should we be thinking Journey with jellyfish? Take a look at the fantastic trailer, courtesy of @stcware ! Truly stunning.",not sarcastic
"If your website still has a google plus share button, forgive me if I‚Äôm not tripping over myself to take your information as credible or current.",sarcastic
also that jacket he wore yesterday i‚Äôm gonna rip my eyes out :/,sarcastic
True bliss is laying in an ice cold bath during the hottest part of the year,not sarcastic
"As colleges begin making fall re-opening announcments, remember that if your school is reopening this fall, it's not because it's suddenly safe or the pandemic is over. 

It's because they want your money.",not sarcastic
"i am afraid that, despite all of your words and actions, you actually just hate me",not sarcastic
"I recovered a repressed memory today of working at @kumandgo in high school 13 years ago &amp; having to answer the phone as ‚Äúwe go all out at Kum &amp; Go, this is Shelby. How can I help you?‚Äù And the prank calls that led to. Pretty sure K&amp;G owe me therapy.",sarcastic
I‚Äôm back at my beloved Mecca Bingo and I‚Äôm very very very happy about it ü§©,not sarcastic
"I feel like influencers encouraging their fans, many of whom don‚Äôt have much money, to buy coins in something the influencer is heavily invested in is super immoral",not sarcastic
I hope the #COVIDIOTS and #antivaxxers are watching this brutal episode of Ambulance @BBCOne,not sarcastic
Lol at my life :),sarcastic
Mustard has no business being zero calories,not sarcastic
"wow, ok, unfollowing now. Was a big fan of putting your left leg in, but just heard about taking your left leg out",sarcastic
"Happy new month to all my Mutuals and Friends on here, wishing us all good health and more financial breakthrough this month.",not sarcastic
"We get it ESPN. Sawx and Yanks. 

Let's go meteor.",sarcastic
Do the #Hokies really have to play 5 against 6 tonight? Come on stripes,sarcastic
You've reached full-blown adulthood when stacking coupons on top of CashApp boosts feels like an untouchable power move,not sarcastic
Spending my Friday night being jealous of my camera roll,not sarcastic
Does the salad offset the beer(s)?,not sarcastic
@markbishopuk @DrPragyaAgarwal They are legally entitled to ask for asylum.,not sarcastic
Avoid mass gatherings.. does this mean that I can stay home tomorrow as I work at a school? No I thought not. #schoolclosure,sarcastic
"Wander Franco closes out an 11-pitch at-bat with a two-run homer off of Houck. 

3-1 Rays in the sixth.",not sarcastic
i need human stimulation in order to be productive‚Ä¶ anyone who‚Äôs down to find a space to co-work from ‚Äúhome‚Äù together pls hmu!!,not sarcastic
Does anyone else get really freaked out when seeing someone you‚Äôve only known with a mask on without a mask for the first time??,not sarcastic
"So that whole stay at home for Thanksgiving thing?  Not happening, took me 1.5 hours to drive to work instead of my usual 45 minutes... ARGH!!!",not sarcastic
Sitting in a waiting room listening to two middle age women talk about how 50 shades changed their life,not sarcastic
@kevinabstract ye,not sarcastic
idk who needs to hear this but i'm proud of u,not sarcastic
Surely I‚Äôm not the only one who was disappointed by that ending... #Bodyguard,not sarcastic
Gonna sleep soundly after my #TBCResolutionRemix Barre-dio class @TheBarreCode River North üí™üèº,not sarcastic
everyone pls stop shooting fireworks my dog is scared :(,sarcastic
the one time I need my phone charger and I. have brought the charging battery bank but forgoTTEN THE CORD I am dumb,not sarcastic
eddie kendricks discography is crazy,not sarcastic
uber eats is legitimately the worst thing to ever happen to my job i fucking hate it so much,not sarcastic
I almost got stuck on an elevator but the guy who was in there with me was like ‚Äúoh for gods sake‚Äù and just ripped the door open with his bare hands,not sarcastic
I am starting off my day by watching a Dragons Den special on Deborah Meaden and eating a Pot Noodle. My life is perfect.,sarcastic
"@duluxuk @SpursOfficial Don't apologise for the good tweet, Dulux",not sarcastic
"Thanks to India for being so inept. I was hoping for a full day of cricket, got snacks and everything. Cheers. You could have at least tried. #bbccricket #INDvENG #ENGvsIND #Cricket",sarcastic
Happy first day of the month friends!!! Don‚Äôt forget to change those furnace filters.,not sarcastic
i stg i probably talk to my tv more than i do to actual people whoops rip social life,sarcastic
"@lthomasnews I‚Äôve read versions of this before. Bush wanted any excuse to go to Iraq, he wanted to finish the job his dad started in the first Gulf War",not sarcastic
People who sell wedding/engagement rings on Facebook make me very uncomfortable,not sarcastic
I swear some people come to the library just to breathe heavily out of their mouth,not sarcastic
yeah your girl is fine but does she pass out while giving blood,sarcastic
There is a boiling hot place in hell for the bloke who brought and used his nail clippers in a library.,not sarcastic
also why do boys gotta carry around gallon jugs full of water get a cute reusable water bottle and stop being so dramatic,not sarcastic
So sad to hear about Sarah Harding. Life is way too short ‚ù§Ô∏è,not sarcastic
notion please add an annotation tool‚Ä¶I love u so much but the run arounds I gotta do for annotations are insane üò≠üò≠,not sarcastic
I always think going braless is a good idea until I'm in public and am insecure because I'm not wearing a bra,not sarcastic
"Well that‚Äôs the last time I swear at the pizza man down the phone. üçï 

He wins. https://t.co/2WjnqL5ZDR",not sarcastic
#LoveIsland been back for one night and I'm already hooked as fuck!!! The twins licking their teeth though.. stop that.,not sarcastic
A wrong impression is once again my specialty,sarcastic
Oscar just snatched the drink of a drunk girl who kept spilling on Chan's pedals. She barely noticed.,not sarcastic
as much as i love ginny and Georgia i hate that once again a girl only learns to masturbate bc some creep dude said to. I hate cliches,not sarcastic
I have to live with my roommate for 2.5 more days and I question whether my sanity can even take that.,not sarcastic
Can a burrito change the world?  Don't miss Chipotle's first Game Day commercial  https://t.co/IkCNfSARJD #bonuspoints,not sarcastic
It would be nice if my body would let me sleep...,sarcastic
Crocodile tears!! It's too late to save yourself now luv!,not sarcastic
so the royal family is sound with pedophiles but as soon as a mixed race baby comes into it they‚Äôre scared ? makes sense ü•¥,sarcastic
Football‚Äôs back. NFL‚Äôs back. James Wan‚Äôs back with a horror. This weekend is set up for absolute glory,not sarcastic
Someone stole the 13.1 magnet off my car! #asshole #really?,not sarcastic
Loving season 4 of trump does America. Funniest season yet #DonaldTrump #Trump #MAGA #MAGA2020,sarcastic
craving hot sauce,not sarcastic
"@chicagobullsbot Devon Dotson also got the qualifying offer, just hasn‚Äôt been signed yet unlike Javonte Green. So we‚Äôre most likely looking at two open roster spots left.",not sarcastic
206-658-7963 https://t.co/ZSOI0MBKwS,not sarcastic
@williamhanson As I said yesterday- I speak the truth! Thanks a lot for a great talk I know the entire year enjoyed it though I roughly and learnt a lot.,not sarcastic
yo where's the cheat for the kendall and kylie app at,not sarcastic
What the fuck is this Twitter update,not sarcastic
"Sooo... @adamlevine was that ""Nice!"" and double fist pump for the show or @shakira s ass that you were checking out? @NBCTheVoice",sarcastic
Tweeting celebrities 31 years older than you to a fight is a stupid trend. @johnelway I‚Äôd rather get a beer with you and cheer on the @Broncos and thank you for all the work you do with them!,not sarcastic
Happy Birthday to Chris Lowe of Pet Shop Boys. Your music is the backbone of my existence. #chrislowe #happybirthdaychrislowe #petshopboys https://t.co/pqYRY6HfdB,not sarcastic
I think i‚Äôm addicted to dead by daylight,not sarcastic
@sonofsama1 @Santandave1 It ain‚Äôt funny it‚Äôs heartbreakingü•∫,not sarcastic
"@lordmelbury2 Red Light Indicates Doors Are Secured (Arctic Monkeys), which could also be included in a separate question of songs that include the title only once in the lyrics",not sarcastic
"It's also true; it's about a dream I had where I was living the videogame Doom (and kicking ass, to be fair). I've been playing through Doom Eternal recently, maybe that's what's brought I'm Not A Commando to the front of my mind.

Anyway:",not sarcastic
I‚Äôm starting to think ‚Äúplus size‚Äù for hollywood/the fashion industry just means above a C cup bra-wise with an hourglass figure üôÅ,not sarcastic
Payphone by Maroon 5 is actually a super sad song now that I‚Äôm 22 &amp; actually listen to the lyrics,not sarcastic
"So we actually have to do hot girl summer without 1989 Taylor‚Äôs version., I‚Äôm sick",sarcastic
just tried to make a hot chocolate using only cold milk and wondered why it didn't taste right. that's where I'm at today.,not sarcastic
"If you aren't angry about OF banning adult content you're whorephobic, sorry not sorry. If your activism doesn't include the wants, needs &amp;desires of all marginalized groups, of which SWs *are* (&amp; often intersectionally), then you are nowhere near as 'liberal' as you believe",not sarcastic
just a psa: you can be christian and still support basic human rights :),not sarcastic
I really wanted something sweet for breakfast and all I have is dark chocolate so that‚Äôs what I‚Äôm having!,not sarcastic
This bunch of players is something special. Really are something to be proud of (and a world away from the utter trash running the country) https://t.co/DYWKJ7sZel,not sarcastic
Ain‚Äôt never really had a daddy so I‚Äôll never really need one ü§∑üèæ‚Äç‚ôÄÔ∏è,sarcastic
"I‚Äôm terrible at taking sick days from work, so this morning Taylor goes, ‚Äúthink about the kitties, hot chocolate,  and Criminal Minds on the couch!‚Äù And I‚Äôm staying home üòÇ",not sarcastic
I love days when Rob works short call and is only at the hospital for *checks watch* 13 hours.,sarcastic
"I‚Äôve actually given myself an angry headache reading all this shit today, I‚Äôm so upset at how we‚Äôve allowed Meghan (and others) to be treated. Piers Morgan is an arsehole, I feel ashamed to be British and I want to see change.",not sarcastic
"Dora: Where do we go next?
Avery: I ALREADY TOLD YOU, THE TALL MOUNTAIN!! *groans in frustration at Dora's Alzheimer's*",not sarcastic
".@EmmaRaducanu will be claimed by the Brits, Canadians, Romanians and Chinese. What a future she has ahead of her. A star for life.",not sarcastic
"Very moved by the accounts coming from Afghanistan right now.

We can debate the merits/pitfalls of Western intervention endlessly but relinquishing control to the Taliban is unquestionably the worst thing for the country now.",not sarcastic
"We are an evolved people.. seriously, can we figure out how to make bathroom doors without a two inch crack so I don‚Äôt make eye contact with anyone else while pants-less?",not sarcastic
I think I've figured out why Ted Cruz always looks like he's melting.  It's because of the flames constantly emanating from his pants. #TXSenateDebate #LyinTed #LoseCruz #PantsOnFire,not sarcastic
My investments investing in me! Sit back and watch it come to you..,not sarcastic
"@Showmasters are basically thieves, quoting it‚Äôs in the small print so you can‚Äôt have a refund.
Dates moved from summer, to a 4 hour slot on a Friday evening in November which is about as much use as a telescopic sight on a knife.#WeWantARefund @UKConsumerRight",sarcastic
Using my recently acquired video editing skills on myself for a change. An oral #presentation assignment on #healtheconomics is as much fun as it sounds üó£üé• https://t.co/1LKHVyupie,sarcastic
"Idk if this is controversial, but food in ATL is better than food in LA ü•∏",not sarcastic
stephon!  wish bill hader never left.  #SNL,not sarcastic
I hate how anti vaxxers have ruined everything. Trying to find information on vaccine side effects and it's plagued with morons,not sarcastic
it takes 2 minutes for me to paint my nails so sometimes i do it impulsively and then sit there looking at my hands like fuck i have things to do rn,not sarcastic
"Going to enjoy some brunch with the honey love, but my banana pancakes are a fail. üòì https://t.co/W3ccwE5Oyc",not sarcastic
Ready to not be pregnant so I can enjoy my first espresso martini,not sarcastic
What happened to unbiased journalism @SkyNews?,sarcastic
"Having my first experience of a Whetherspoon hotel tonight and pleased to report that while the bed is comfy, the bathroom smells suspiciously of cider",not sarcastic
@savingfilm @_celia_bedelia_ I have zero tampons and 2.5 weeks to figure it out!  üò≥,not sarcastic
I need every app to have a night mode,not sarcastic
finding vegetarian chocolate mousse is such an annoyingly hard task to do,not sarcastic
I just wanna lie in bed and eat skips and get paid for it,not sarcastic
love getting assignments at 6:25pm on a Friday!!,sarcastic
"Nothing screams ‚ÄúI‚Äôm a glamorous cosmopolitan woman‚Äù like following your dog down the street in the midst of winter, saying ‚Äúgo potty! Go POTTY!‚Äù over and over again.",sarcastic
Today's pre-lunch starter: jelly beans ü•∞,not sarcastic
Applying for jobs is so weird and feels fake,not sarcastic
thinkin abt coochie,not sarcastic
never drinking again,sarcastic
help why do i keep having nightmares about being amish,not sarcastic
"Hey @Honda, any chance we could see a civic in Rocket League? üòâ",not sarcastic
taking summer classes was a mistake. I miss my one week of peace.,not sarcastic
"There's a gigantic, newly opened, posh box of chocolates in the kitchen at work marked 'for everyone' and now I'm wondering which one of my colleagues got dumped on Valentine's Day",not sarcastic
Rubbing my tears into my face is part of my skincare routine lol,sarcastic
I love it when professors draw a big question mark next to my answer on an exam because I‚Äôm always like yeah I don‚Äôt either ¬Ø\_(„ÉÑ)_/¬Ø,sarcastic
"the audacity of the neighbors to mow the lawn while i'm trying to sleep, at 6:30pm",sarcastic
why is kareem hunt allowed to be in the league?,not sarcastic
happy one year vegetarian to me ‚ù§Ô∏èüå±,not sarcastic
Day five and we just spent ¬£10 on egg fried rice,not sarcastic
@WilliamShatner Mr Shatner whilst you were sleeping you asked me to join Facebook messenger and then after a polite conversation you then offered me gold necklaces and a singed (sic) tee-shirt - you made my Friday night sir... just awaiting your instructions so I can wire the money...,sarcastic
Getting very anxious waiting for #TheGrandTour,not sarcastic
growing up is praying to ur childhood dog instead of god,not sarcastic
i hate being one of the boys bc one of them just sent me a picture of his poopü•≤,not sarcastic
ate a bagel with cream cheese earlier and the impending doom immediately vanished from my mind,sarcastic
I called out an insta post for fat shaming and am now being told that making fun of someone having no neck is ‚Äúnot making fun of someone‚Äôs appearance‚Äù !!! The more you know guys!,sarcastic
Both doors to my house were open for a bit today and neither cat used the chance to escape ü•∫ I think they really love us,not sarcastic
@Schadenfury I know! Just pop the subtitles on. Sorted.,not sarcastic
We really need to remind people that universal healthcare means never needing to sit through another annual explanation of benefits meeting,sarcastic
lalisa and money are so good and perfect for lisa i‚Äôm so so proud of her and i can‚Äôt wait for the live performance,not sarcastic
"I remember when I was a kid how I used to troll my dad. 
I‚Äôd be watching a film on sky movies and then when I knew he was in the other room I would say out loud ‚Äòwow look at the tits on her‚Äô 
He would come back in the room and nothing was there but he‚Äôd ask questions like‚Ä¶",not sarcastic
hello,not sarcastic
"Everyone‚Äôs losing it about One Direction coming back, but I just want @lorde to come back and release some new music finally",not sarcastic
"This tennis is hilariously fantastic to watch. So many finals are tight, cagey, error-strewn affairs. Not this one. #raducanufernandez #USOpen2021",not sarcastic
Because of #Trump I now don't have to worry about other countries making fun of me for being fat! üç©üç´üç∞üçï #Thankstotrump #America,sarcastic
"@MaxTayl83630497 I‚Äôve got 4 weekend tickets available, DM me",not sarcastic
ksu is requiring everyone to be vaccinated by December and i am so happy eeeee!!,not sarcastic
So staying up late was worth it..... üò™üò©,sarcastic
i will fully support whoever the democratic nominee is. however. the ‚Äúbernie bro‚Äôs‚Äù are some of the most stubborn democrats/progressives out there. seriously just get over yourself. stop bashing candidates who aren‚Äôt even in the race anymore.,not sarcastic
"Fascinating article about the Vatican‚Äôs finances in these challenging days #catholic #finance #catholicism

https://t.co/Nw5X5tGpcv",not sarcastic
came home to realize my family found and read my quarantine journal lmao lucky I didn‚Äôt get involuntarily committed wtf,sarcastic
"Are apps actually ready for ARM based Apple Macs? (MiCrOSoFt OfFiCe?) #AppleEvent 

Anyway I'm taking suggestions on what new PC to get üòù",not sarcastic
My favorite part of flying is getting to walk past the rich people to get to my poor person seat.,sarcastic
I got an hour‚Äôs detention cause somebody set my hair on fire and I stood up to pat it out x https://t.co/5oEjQZ7R0j,not sarcastic
"I know it‚Äôs still summer, but being curled up on my couch with a pumpkin spice latte on a rainy Sunday has me feeling some type of way",not sarcastic
Guys literally confuse the SHIT out of me,not sarcastic
Not telling anyone how I voted in case it doesn't come true #EUref,sarcastic
"It's hard not being able to have children and seeing everyone around you have opposite moments. But with that being said, props to all you good moms putting in work and doing the right thing. If my mom hadn't put in the work I would be in a whole different place. Cheers, mamas üíé",not sarcastic
"when i was taken off anesthesia today, i told my mom that i was on chopped and that i didn‚Äôt do well",not sarcastic
"The best part of going out, is waking up at 2PM the next morning wondering whether you're dead or not and what day it is. üòÇüò≥üòÄ",sarcastic
There‚Äôs nothing more empowering than a new phone case,not sarcastic
sry but i would rather die than listen to a single word spoken by man who simps for elon musk,not sarcastic
Just watched a man smoke crack on the R train in front of 3 families. New York is healing ‚ú®,sarcastic
i hope u sleep maybe forever maybe not  lol,sarcastic
HAPPY BIRTHDAY MEL!!!!,not sarcastic
Idk why but I love comfortable silence,not sarcastic
thinking about that time when a week after i broke up with him my ex sent me a playlist to tell me all his feelings from throughout our 3 week relationship+how he felt about it ending and the whole thing was just john mayer songs,not sarcastic
"Get the Police involved.
Refuse to sail until they mask up.
Don't let them on in the first place.
Little point posting on twitter if you're not going to enforce it.  https://t.co/NyPNpIezAB",not sarcastic
"this Brazilian dude always likes my pictures on instagram, nothing more, and honestly he‚Äôs a pretty welcome presence on my account",not sarcastic
"@MailOnline Another misogynistic, homophobic rapper.. how shocking!",sarcastic
Kids make the most out of every situation they face. Be like a child today and make the most out of it. You‚Äôll smile more #TuesdayThoughts #followthewheeler https://t.co/oxine4zIDK,not sarcastic
I‚Äôm ready for Lockdown #2. I need to make better bread.,not sarcastic
"It's been a bit since I've had a musical obsession on this level, but has anyone seen/heard Six?",not sarcastic
when a girl says she isn‚Äôt a girls girl üö©üö©,not sarcastic
i‚Äôm dying,sarcastic
ü§ôüèº https://t.co/bbhd4Bwonn,not sarcastic
every time i see someone named david im like ‚Ä¶.. wow‚Ä¶ that really IS a guy named david,not sarcastic
Even if you're fully vaccinated the CDC recommends still being nice to me. I am fragile,not sarcastic
My 11 year old is getting super interested in the history of Boston. He loves learning about the American Revolutionary War and we‚Äôve been having some fun going to certain areas where there is so much history. Proud of my smart boy!,not sarcastic
"Well, my vaccinated therapist tested positive for Covid.  Hope she‚Äôs okay and hope my mental health hangs on for 10 extra days.",not sarcastic
"Today's the day, last to chance to sign to show support https://t.co/MsgaINJPVj",not sarcastic
#ripcharliewatts Absolute rock and roll legend #charliewatts,not sarcastic
Christmas sucked. Didn't get the heelys I wanted so how am I supposed get these ladies to swoon.,not sarcastic
Nightmares are so horrible and weird.. my is my brain subconsciously thinking about horrible things like what?,not sarcastic
20 just feels like 19 with less excuses,not sarcastic
"...One of these is a massively expensive exercise in pushing the boundaries of what humans can achieve, and landing on Mars is also pretty neat!
This episode we're also tackling taking notes, reading new old comic books, and cheering on a rowing vet!",not sarcastic
"@Rosievix @mouthwaite Well, illegal immigrants  categorically don‚Äôt get money from the government but why let a little thing like facts get in the way of a good bit of xenophobia...",sarcastic
"I can't tell if my professors keep skipping/delaying Introductions because grad school is so serious and important that you have to immediately dive into material, or if because classes at AU haven't been in-person in two years all the profs are majorly disoriented",not sarcastic
people who think it‚Äôs funny to spike drinks are the actual scum of the earth,not sarcastic
omg my ankle popped for the first time since i fell. it's a miracle üò©,not sarcastic
I‚Äôm sorry but high school was the longest 4 years of my life and I will not miss it at all,not sarcastic
Trying to meet my friend and she‚Äôs literally lost in John Lewis omg,not sarcastic
@KayAnane This is how I feel about useless boys I used to like. They‚Äôll have you scratching your top head thinking WHY??!! hmmm,not sarcastic
All humans should read today‚Äôs thread by my friend. https://t.co/UWacRg29gE,not sarcastic
#GrowingUpWithMyName no my siblings names are not autumn spring or winter and NO it's not funny when you call me any other season,not sarcastic
I think France will win #Euro2016. Predict who will flop and come out on top at https://t.co/U8ycyIk3JK https://t.co/PGTRXBNSLY,not sarcastic
"Also my Twitter seems v quiet, what is going on?",not sarcastic
Is adulthood really just doing lots of things then feeling absolutely exhausted for the rest of the day?,not sarcastic
Accidentally made a friend in ASL today. I hate when that happens.,sarcastic
Yo does anyone know how parking spots are assigned for painting??,not sarcastic
"Walking round the bedroom.trying to figure out where the weird smell is coming from

It's the new moisturiser I just put on my arms. It's me. I am the source",not sarcastic
Life is always a little better when you are slightly obsessed with a Netflix show,not sarcastic
I can‚Äôt imagine being a POC in America right now- seeing the epitome of white privilege as this people with guns storm into a government building &amp; yet are not being tear gassed or shot at.,not sarcastic
"Queer marriage is not allowed because it doesn't follow the ""age-old customs, rituals, practices, culturla ethos and societal values"", but all cis-men can commit infidelity with no consequences. Happy fuckin Pride people üôÉ #SupremeCourtofIndia",sarcastic
I just got my first spam call about my vehicle‚Äôs extended warranty!!! I‚Äôm living in a meme,not sarcastic
Can you guys stop making Palestinian liberation into an excuse to be antisemitic.,not sarcastic
Wish somebody had told me all I had to do was wait to months for Yuengling to come to Texas before I bought five cases of it when I was in Florida,not sarcastic
Perfect afternoon chilling https://t.co/zQxELWrbop,not sarcastic
Highway signs where they stretch the state shape to fit the numbers in make me irrationally angry,not sarcastic
People who drive under the speed limit. Death Penalty.,not sarcastic
Hahahah @LibertyU is shutting down the entire campus for quarantine!! Couldn‚Äôt happen to a nicer group of Covid deniers! #CovidIsNotOver #karmaisabitch #Covid_19,sarcastic
Love having an Asian name because the lecturer never picks on me in these zoom classes,not sarcastic
I literally THOUGHT about a weighted blanket and it popped up as an ad on my Facebook üôÉ,not sarcastic
Great effort @Patriots We'll get em all next year,not sarcastic
Social Care for the young is basically a bath board and bed rest and your done.,sarcastic
@RealCarlVernon The only thing in danger of being spread is good sense!,not sarcastic
@mstewart_23 Win next three and we're guaranteed second aren't we?,not sarcastic
"Are GoFundMe accounts a form of socialism?  I don‚Äôt have enough money to pay my bills, so let me create an account an ask for money to help pay my bills. ??",sarcastic
"Feels #PS5Share, #RatchetClankRiftApart https://t.co/nL6MqpotNT",not sarcastic
@raerenyse Easily one of the worst and most damaging takes for both trans AND cis women I have seen thus far. Congrats on reaching new levels of awful lmao,sarcastic
Dear No Label Academy students‚Ä¶ we‚Äôre still not done. Each and every one of you will receive a brand new MacBook to continue your musical journey‚Äôs. ‚ù§Ô∏è https://t.co/Aod5lrXPmb,not sarcastic
"if you didn't order the smores girl scout cookies this year, i'm rlly sorry",not sarcastic
‚Äú@elliekonsker: I just practiced taking the lake test in my pool #iswareimnotobsessedwithcamp‚Äù,not sarcastic
Matt Hancock is a top shagger,sarcastic
Great night last night! Muggins here is the commis chef crouched down in the corner. Seriously an honour to help raise money for @acf_uk and work alongside these stellar chefs. Thanks for having us @nickg67 @frontlinechef! https://t.co/mkiTEpMzaz https://t.co/SVgdFYHyi4,sarcastic
thinking about how no one is obsessed with me üíî,sarcastic
How do I tell my wawa they‚Äôve had mocha mint (ü§Æ) in the regular ice coffee slot for two months,not sarcastic
I‚ÄôM SO PROUD OF MY FRIENDS üíñ,not sarcastic
"My boyfriend does this cute thing where he takes recipes, pre-made foods, drinks, etc. and ‚Äúdoctors‚Äù them for me so they taste better. Like all my containers of hummus? Salted, peppered, and a fuck ton of EVOO.",not sarcastic
not asda having only one checkout lane open i‚Äôve been standing in this line for like 20 minutes with my food slowly defrosting without people social distancing around me üíÄüíÄüíÄ @AsdaServiceTeam,not sarcastic
"No brainer guys, switch to Webull. Trade 4am-8pm. 2 free stocks when you use the link: https://t.co/YOFdGljtVE
#Stimuluscheck #ripjeffbezos #instagramreels #schoolsreopening #flyingbeast #Robinhood #RobinhoodTraders #COVID__19 #mask #SocialDistancing #DayTrading #DDTG #money https://t.co/WJh4xf8u3K",not sarcastic
"Wizkid is the king, ok lol",sarcastic
I look so fucking good right now why am I not doing anything,not sarcastic
"@MI37867601 @Christo66412045 @FIimdog @UpTheVile @JoPSmith25 @NewsForAllUK @DailyMirror I don't think they did, but I could be wrong. Jon Ronson interviewed a guest booker for the Jeremy Kyle show for his book, The Psychopath Test. There's a short exerpt of it here. It paints an ugly picture of how these guests were viewed and manipulated: https://t.co/EnbNS2xYWZ",not sarcastic
Thought I would be brave and sit in between two boys in Ochem. Ring check? They're both married...üòí #BYUProbs,not sarcastic
unreal how much i love my new tattoo,not sarcastic
"Currently reading a Beowulf translation by Maria Dahvana Headley, and the focus on the feminine and modern language has me captivated!",not sarcastic
why was suite life on deck not called zack and cody on a boaty??? missed opportunity,not sarcastic
"underwater uber, also known as scuber",not sarcastic
I feel like with the pandemic and all we should now be allowed to publicly shame babies for just like coughing into the open air you know what I mean,sarcastic
this semester gon have to finish itself üòÇ im so drainedddddd,not sarcastic
"everyone gets all hyped about ancient debris, but where's my modern debris?",not sarcastic
Does anyone have any recommendations for over the counter topical pain relief that actually works?,not sarcastic
Making the leap from TopShot...officially purchased my @HouseofKibaa membership this morning. Very excited! Thank you @kibaa_hok and team -- very easy process.,not sarcastic
@radiox Bringing together 2 of the best things in life: tea and The Maccabees - Young Lyons,not sarcastic
tbh do I even have to come out as gay I feel like my whole existence just speaks for itself,not sarcastic
my love language is now just sending you tiktoks,not sarcastic
Just found out crossfire is still huge and there's a console ver coming out soonish. Best bed time story I've ever heard,not sarcastic
Remarkable how little some of us will leave behind,not sarcastic
"It‚Äôs so amazing how people forget you exist until they want something from you :,)",sarcastic
"AD | The ease of putting up and taking down the awning along with the extra space and the children wanting to sleep in it really did make all the difference.
Read the full article: Olpro Cocoon Breeze inflatable drive away campervan awning review [AD]
‚ñ∏ https://t.co/OsUyfI74Gj https://t.co/2hjXefaTmr",not sarcastic
I just want @jvn to tell me his vision for me.,not sarcastic
@itsmrevandaniel I can't believe people still don't genuinely hate every player from that Astros team.,not sarcastic
cold queso is so much better than warm queso https://t.co/5TaMe4aSO6,sarcastic
Entered a scramble yesterday at the orchards and won double the money I paid.. Free cash.,not sarcastic
"I got an invitation to my ten year high school reunion today...just, no.",not sarcastic
i love siriusxm. siriusxm is my friend,sarcastic
Pls send me funny vines in my dms,not sarcastic
watching tik toks at full volume in the middle of the airport should be a federal offense,sarcastic
"Got my coin today! Unfortunately it was chocolate but at least it was tasty! 

#goldorchocolate @millions https://t.co/6KqC3gzFN5",not sarcastic
HOW CAN I GAIN EXPERIENCE WHEN EVERY JOB REQUIRES EXPERIENCE,not sarcastic
i am in severe pain while on vacation i feel robbed.,not sarcastic
"@toxx_i @cjafterdark If you say gr√¢ce like ""gra"", you actually end up saying coup de gras which means blow/stroke/hit of fat",not sarcastic
"Always here if anyone needs to talk during this time, if you need someone to listen please message me x",not sarcastic
Raging debate on the importance of an Orlando Magic Summer League Championship. Definitely a notch below 6 if decided by coin flip. https://t.co/LG0VRwkrKO,sarcastic
hope dream had a good birthday todayy,not sarcastic
"Me: on a scale of one to ten how cute are the babies you see in clinic?

Rob: that chunky baby the other day was a ten. The one I saw today was a three--so pale. To be fair she's in the hospital and very sick.",not sarcastic
BBC News - Andrea Levy: Small Island and Long Song author dies aged 62 https://t.co/iuSGxdxVHS,not sarcastic
@HarryrotterDB Yeah I'll probs try it out too.,not sarcastic
I WISH I WAS SMART ENOUGH FOR FIND THE DOCTOR,not sarcastic
@PONOS_EN Very nice. We're now briefly up to date. Hopefully doesn't take you so long to do the English release of the new pixie after we get 9.10.,sarcastic
Please please please show your support for my dad and his charity event. 7 sprint triathlons in 7 days - http://t.co/SxC8AhB8nA,not sarcastic
This will haunt me forever !!!!!! #untildawn #scared #twitch https://t.co/AoXmXF8PDv,not sarcastic
Searching for Pokemon later because I hate myself haha !!!,sarcastic
@PetsatHome racial stereotyping is the problem. Please listen and retrain your staff. https://t.co/UvLkji9s5H,not sarcastic
put the frou frou version of holding out for a hero on spotify challenge,not sarcastic
"Can we appreciate how amazing vaccines are? We've got covid cases declining despite nightclubs being open!
If we vaccinate school kids, we might even avoid a spike once the schools reopen.",not sarcastic
"The rate at which I go between thinking: ‚Äòit‚Äôs fine, I‚Äôve still got 3 weeks to write my dissertation‚Äô and ‚Äòshit I‚Äôve only got three weeks to write my dissertation‚Äô is causing some serious procrastination whiplash.",not sarcastic
"@chrisrickett I suppose it won't harm his book sales either. It would be said in conversation with Madeley, perhaps it was a Freudian slip.",not sarcastic
I had a dream last night that a talking snake was trying to kill me with a bow and arrow. I don‚Äôt know how that would work but just a little insight into what goes on in my brain.,not sarcastic
Currently feeling very disappointed in people that I know. Just wow.,not sarcastic
"@thecauseendures Awe. Appreciate that, Kim. Who knows where I will  land. I'm going to take my time. 
 It makes me concerned about the shortage of affordable housing for our aging population.  I don't want to be warehoused.",not sarcastic
The Fourth of July is my favorite holiday for as long as the Nathan‚Äôs Hot Dog contest takes then the appeal dissipates.,not sarcastic
@RFHanrahan @mikepompeo This is all Biden's failure....politicians like to pass the buck,not sarcastic
I'm A VeGeTaRiAN BuT I eAt FiSh üôÉüôÉüôÉ,sarcastic
"Just because I mostly write female characters does not mean my writing is autobiographical. That‚Äôs so tired. It‚Äôs entirely fiction. Unless the character is saying something funny or cool, then it‚Äôs straight from my lived experience.",not sarcastic
brb just spent 10 minutes looking frantically for my phone with the help from the flashlight...from my phone,not sarcastic
Ikea Vegan Hog Dog ..,not sarcastic
"I keep getting dramatic, anime style cowlicks in the morning and I'm thinking one day I'll just go out without brushing it down to let everyone know I'm the main protagonist.",not sarcastic
i lost the promise ring my boyfriend got for me about a year ago‚Ä¶ and when he left for basic he let me keep the one i gave him since he couldnt take it. well i found mine- our rings are back together :) https://t.co/2OgpQgH5n2,not sarcastic
Only a a President as strong and decisive as @realDonaldTrump would force the FDA to OK a drug even before clinical trial results are in.  No need to wait for such silly formalities - people have been taking the drug for years and most are still alive and fine! #OkToTry #Gotrump https://t.co/IdxTJ7kucp,sarcastic
Everyone seems to be younger than me these days and it needs to stop,not sarcastic
bae calls me on FaceTime so we can keep each other company while we work on our art and honestly it‚Äôs so wholesome and motivating,not sarcastic
If drugs are banned from sports why isn‚Äôt makeup banned from beauty pageants?,not sarcastic
Why do Americans use paper plates for every meal when they‚Äôre in their own homes. I desperately need to know the answer,not sarcastic
someone please explain to me how our queen @taylorswift13 had time to create the masterpiece(!!!) of #evermorealbum while soaking in folklore‚Äôs success AND re-recording 5 previous albums?!!! she is too good to us üíôüíô,not sarcastic
Answer me this: how does my 2014 mac book pro just come back to life?,not sarcastic
The typhoon flew over me today absolutely fuming they forgot to bomb me,sarcastic
Man PepsiCo loves to add 750g of sugar to a mixture of their existing flavors of sodas and call it a new flavor of dew or Pepsi...,sarcastic
our new neighbours told macauley their names and a couple of peoples names on the street and all he remembered was the name of the cat and dog üôÑüòÇ,not sarcastic
New obsession! scrambled egg with bananna mixed in!,not sarcastic
Pretty cupcakes! #sprinkled https://t.co/rn1BUM0h0A,not sarcastic
See Brexit is going well,sarcastic
I swear this triller event is run by teenagers,sarcastic
@bwin Is there a problem with the predictor page? Its not loading so unable to enter my predictions.,not sarcastic
"Chris:*tells elaborate story of how he and Michael lost 2 different lifeguarding whistles*
Me: wow, you really blew it didn't you",not sarcastic
"Today was the first time I wished Covid-19 had happened 20years ago - back in school, wearing a mask, no need to strain every sinew to quell a yawn.

Bliss.",not sarcastic
Absolutely disgusting. Tr*mp says he ‚Äúloves‚Äù domestic terrorists and spends most of the minute long video complaining about election and not condemning their actions today? Rot in fucking hell.,not sarcastic
Whoop diddy scoop poop,sarcastic
i'm going to be 21 tomorrow and i'm really just excited for cake.,not sarcastic
"I never thought I'd say this, but I have become one of those people who like bounty bars.",sarcastic
anthony dropped his phone in the ocean,not sarcastic
"At least I'm used to this side effect from my infusion, and I'm very grateful that I'm not experiencing any of that full body pain I had after my last infusion. The IV steroids must be working!! And tomorrow is day one of a steroid pack",not sarcastic
"#DelitterUK this is our place, not just yours. Keep it litter free!",not sarcastic
"Day 38 of quarantine is an interesting time to get a new drum kit, neighbor",sarcastic
My ex got the covid vaccine..he kept saying he wasn‚Äôt going to get it and I told him about my medical issues and how it‚Äôs not about him but people like me..and he thought about it and got it. He gets his second dose next month!,not sarcastic
Just read Annie on My Mind for the first time‚Ä¶ü•∫,not sarcastic
"me: revises cells + other general biology stuff
edexcel: ""i want a fit summer bod, get them to tell me how i get one""
#EdexcelBiology #Gcses2018",sarcastic
Just tested my egg drop at my apartment complex and it fell on a man‚Äôs head :) but no worries he was bald so the yolk just wiped right off,sarcastic
Another great day in the office! Happy to be working with @HeyItsEbb and @Sicarius_Matt #softwaredevelopment #webdevelopment #Motivated #tech #Businesses https://t.co/h59QAZ7sEG,not sarcastic
going to be running on three hours of sleep at work tonight! so excited!!!,sarcastic
After far too long I‚Äôm finally going to the theatre and I CANT BLOODY WAIT,not sarcastic
Having a bad week but what else is new!! At least I finally got paid üíïüò≠,sarcastic
"The first paper @jesskah02 and I accepted as part of our special issue on intergroup conflict @ELSFinance is now online! Check it out at https://t.co/y0earQdPwa and kudos Sam Whitt, @rkwrice and @vera_mironov!",not sarcastic
"The city is flying, we‚Äôre fighting robots, and I have a bow and arrow. Classic",not sarcastic
And we still wonder why girls are having issues with their body when you have places selling LARGE and saying it is for sizes 10-12 üôÉ stop the bus I want off https://t.co/YmRX3ESatk,not sarcastic
"watching fleabag for the first time and y'all weren't lying. Hot Priest is, indeed, hot",not sarcastic
i can‚Äôt wait until the weather cools down so i can read under a tree at a park and look like a mysterious intellectual,not sarcastic
"@KellyMartin_UK @Morrisons You‚Äôre right, it‚Äôs all one big conspiracy. You should boycott the NHS too, they‚Äôre in on it as well",sarcastic
"when my mom was preggo with me she craved brussel sprouts, tomatoes, and squash. i‚Äôve been on the veggie grind since before birth üò§",not sarcastic
Why am I not famous yet cos I‚Äôm actually fucking hilarious,sarcastic
@HerbMessiah hello I have a question can u help me out,not sarcastic
Also I can't wait to see how many white Boomers are going to be pissed off about the artists singing in Spanish. #SuperBowl #SuperBowlHalftimeShow,not sarcastic
@DarrkIt @iamspade_ ya need a carry hit me up im a octane main,sarcastic
@Schlippertysch1 @anon_opin Very good. Just need to work on your spelling now üëç,sarcastic
"Dating apps are like trying to find a snack in the fridge the day before your food shop; no matter how many times you lower your expectations, there are no snacks.",not sarcastic
"@LandisDillard @nytimes It depends. Most gas stations are independently owned and operated, so in that case no.",not sarcastic
Some girls really are scandalous üêç,not sarcastic
"Happy Trans Visibility Day all my beautiful, strong, and sexy trans peeps!! We are unapologetically ourselves üíú",not sarcastic
Anyone else remember Twix Tops and M&amp;M's Biscuits or is that just me??,not sarcastic
Entry level jobs that require 3 years prior experience üíïüíï ly üíïüíï,sarcastic
Beautiful animation and hype song what more could be asked for https://t.co/PFLLswgkh3,not sarcastic
Discover more of Maranda Ridgway's greeting cards created for @thortful. https://t.co/yE0xkrmycK - thinking of sending a #greetingscard for #Easter?,not sarcastic
so good man  https://t.co/0QwOj3TEph,not sarcastic
"It was almost 70 degrees today but no, global warming doesn't exist üòí",sarcastic
I hate this guy so much https://t.co/lHPKXjNLL4,not sarcastic
Sometimes I really feel like I need coffee to survive the day and I think that's what growing up is,not sarcastic
"Ah yes, back spasms when I take a deep breath. This is ‚ú®28‚ú®.",sarcastic
Got my lowball business class upgrade bid accepted for my train from DC to NYC this morning and ended up without anyone sitting next to me for the whole trip. A positive sign for the weekend.,not sarcastic
Every time you complain about neopronouns or xenogenders we add five more,sarcastic
Very good analysis and a good demonstration of why you should treat anything your told by the BBC with the utmost care. https://t.co/V6rO4FZqeP,not sarcastic
"How is it that I‚Äôve managed 3 months without milking a single cow, then the day before I leave I get roped into a 5am milking??",not sarcastic
Seeing my friends shine is so heartwarming ü•∫ü•∫,not sarcastic
@truelyesoteric @howisthewater @JacobWohlReport Tomorrow at noon it's instant communism and we get our national wife chain started.,not sarcastic
me and rachel are sitting in mcdonald‚Äôs talking about how we spend too much money on food and as the guy at the table behind us is leaving he lays down $10 and says have a great day and walked out i‚Äôm crying,not sarcastic
,not sarcastic
@Dancruz07 Sureeeeeee you do,sarcastic
Wishing all the birthday sex on @laurabora620 today üéÇ https://t.co/JtP0FCvo9R,sarcastic
Mom put powdered carpet cleaner all over the floor and now it legit smells like we are living in a stable,not sarcastic
"Good morning to everyone again, except Eddie Reynoso, his lab rats &amp; whoever the fuck is letting Oscar Valdez fight after failing a drugs test - just because it would be bad for business.

Some things more important than money, but not in boxing - clearly.

‚ùåüíâ",not sarcastic
How do I stop thinking literally everything is corny ??,not sarcastic
i am 21 years old and i still love harry styles as much as i did when i was 11,not sarcastic
Some guy is whistling better by khalid and it sounds so good but i dont wanna say anything cos hes a grown ass dude,not sarcastic
"was Chris Harrison really that fundamental to the bachelor?? what are they gonna do, forget how to function when there‚Äôs one rose left???",not sarcastic
Uh oh Ben Simmons will also have a Steph Curry type season 76ers better not trade him now https://t.co/kkpzfcTcSH,sarcastic
wish i was good at singing :( it‚Äôs actually a bit embarassing,not sarcastic
Day 1 of working from home: I now have laptop burns on my legs,not sarcastic
I really hate the new TikTok voice over voice - she sound annoying af,sarcastic
Only food can turn this day around,not sarcastic
we happy!!!!!!!!!!,sarcastic
Anyone else feel REALLY uncomfortable when the @itvtakeaway pandas tell the kids ‚ÄúDon‚Äôt tell the adults; it‚Äôs our secret‚Äù. This is a huge Safeguarding no-no.,not sarcastic
"make it illegal to say/write ""Dems in disarray"" on account of it being stupid as fuck",sarcastic
"ERNEST LAWRENCE‚ÄôS 60-INCH cyclotron in Berkeley 
**NOT CLICKBAIT**",not sarcastic
white ppl sure do love Himalayan pink sea salt,not sarcastic
Anyone know where I could get a cheap iPhone 4/5?,not sarcastic
i went outside today and suddenly my depression is cured,sarcastic
"Finding it very hard to detach my love for the club and it‚Äôs lack of action over Mendy. 

In my opinion having anyone playing professional games with an open investigation, especially this severe is inexcusable.",not sarcastic
"ANY PENSIONER AND 4 YEAR OLD WHO DARE TAKE ME ON AT DINOSAUR THEMED CRAZY GOLF WILL BE CRUSHED, CRUSHED I TELL YOU. https://t.co/yZlafy0lsd",sarcastic
"Wait didn‚Äôt covid go away?? It‚Äôs after November third so it definitely should be gone now...wait...I‚Äôm confused...121,000 cases in a day? You‚Äôre telling me THE WHOLE WORLD didn‚Äôt fake a pandemic for the US election? No way...",sarcastic
Quite poetic to have my last midwifery exam and my first midwifery job interview on International Day of the Midwife #IDM2021,not sarcastic
my grandma is watching the great gatsby and she said that commercials are becoming so stupid but it was a scene from the movie.,not sarcastic
"5:30 banshee-like kitten zoomies are definitely my all-time favorite alarm clock, and the sound of jewelry boxes flipping over and burnouts on the wood floor make for the calmest, most enjoyable start to any workday.",sarcastic
"@adi_jord agreed, this is ridiculous, gotta cop a pair",sarcastic
Random thought: how are ‚Äúbutt dial‚Äù and ‚Äúbooty call‚Äù such different things yet so similar in wordage?,not sarcastic
APPLE CIDER IS BACK AT DUNKS BABY,not sarcastic
does anyone have any workout/loose weight tips? i weighed myself for the first time in 6 months and cried and i really need to change this,not sarcastic
You know it‚Äôs bad when your vet texts you to check in on your dogs diet #thicc,not sarcastic
Love seeing 15 year olds being vaccinated in the states when I have to wait till the end of June for my first one,sarcastic
Totall Carloss... #WTF1 @_aarava https://t.co/p70GOaCLyS,not sarcastic
Oh my what was that noise? The dog isn‚Äôt happy either! #loudbang,not sarcastic
"Duodenum, Jejunum, and Ilium would be cute names for triplets, don‚Äôt @ me",sarcastic
Excited for üåû but not üëô,not sarcastic
RIP spider man üíÄ https://t.co/GI0ZLhBxdp,not sarcastic
My life has gone from ‚Äòdrive it like you stole it‚Äô to ‚Äòdrive it like your toddler needs the toilet‚Äô.,sarcastic
Just forced myself to go to class and spilt hot coffee in my lap while driving. How‚Äôs your day going? üòÖ,not sarcastic
the absolute worst part of my job is the fact that i have to call people on the phone :|,not sarcastic
@funder Great! Tells the truth even when it‚Äôs not pleasant. I love how honest he is and tells the American people everything they need to know.,not sarcastic
I just love falling up the stairs üòë,sarcastic
@FeeyaCruz But you get to see me?!,not sarcastic
Does anyone else have to listen to extremely high energy music in order to work or is that just me?,not sarcastic
Nice to see @Cardiffbus have started the new year off with the usual crap service. Just love waiting for a bus that doesn't turn up,sarcastic
"Not sure if I like the updated font on Twitter yet, but those black and white buttons/icons are not it‚Ä¶",not sarcastic
i wonder if the gates daughters tell people that they aren‚Äôt rich,not sarcastic
I love giving a lecture to grad students on a topic I don't fully understand at 9:30am &lt;3 i need a coffee lmao,sarcastic
"2 things I love:
1. Being woken up by construction work an hour before my alarm.
2. Sarcasm.",sarcastic
Trader Joe‚Äôs orange chicken is lowkey better than the orange chicken at most Seattle area Chinese restaurants,not sarcastic
Greenwood best youngster in the league btw,not sarcastic
I was only in Taylor Swift‚Äôs top 0.10% of listeners on Spotify but last year but yeah totally sound that Swiftogeddan in Glasgow is sold out,sarcastic
Sunset over the Appalachian mountains. https://t.co/hg5EVkOLhY,not sarcastic
That rest stop was so stressful I forgot to pee üò©,not sarcastic
Looking for prom dresses makes me excited for promüòä,not sarcastic
i expected there to be much more spaghetti at this point in my life,not sarcastic
City BBQ has the best chicken sandwich. Change my mind.,not sarcastic
i have till morning to have written 6000 words and all i can do is listen to tiktok sounds!,not sarcastic
@gough_hayden This art is giving me Mario Strikers Charged concept art vibes. This is really nice!,not sarcastic
"I love it when drunk, inconsiderate flatmates come back and start climbing on the roof #istillhaveexams #tryingtosleep",sarcastic
If I were the Red Sox I would simply play the Orioles more,sarcastic
@frigamarrymepls @Reecee_yt I wholeheartedly agree. I really only liked the graphics. Nothing beats Luigi's Mansion 1,not sarcastic
Pironkova: it‚Äôs just a game. Serena: I am the game,not sarcastic
i‚Äôm going to cut off contact with every single person i know and emerge in a few months o a year from now having lost the ability to physically speak but be able to play the meanest fucking accordion you‚Äôve ever heard in your pathetic little life,sarcastic
I am so fucking tired of living in the UK.,not sarcastic
Update: they‚Äôve finally closed the campus which means I wasted my day going in and waiting on lectures üôÉ https://t.co/kBTOqNpX3Z,sarcastic
gotta love living in a country where it‚Äôs easier to get an AR-15 than it is to get coronavirus testing üòçüòù,sarcastic
"My dad just said to me, ‚ÄúHey, you‚Äôre kinda skinny, can you slip behind the fridge to look at something?‚Äù and it might be the nicest compliment I‚Äôve ever gotten. So guys, go tell your girl you think she‚Äôs kinda skinnyü•∞",sarcastic
"First night out to the pubs and my appearance has already been picked on and I‚Äôm crying, fairs to say I‚Äôm gutted x",not sarcastic
alright I‚Äôm ready for some march madnessüèÄüî•,sarcastic
Bbq sauce in alfredo kinda slaps I‚Äôm not joking,not sarcastic
I wish i loved my body,not sarcastic
Just caught up with #HolbyCity think I've just about finished crying üò≠ @Littlelucyd you were outstanding. You will certainly be missed,not sarcastic
did you know there is a direct correlation with how cool someone is and how high they cuff their pants?,sarcastic
feeling v grateful!!!!,not sarcastic
@AaronBastani @char_gerada Congratulations to you both. A happy life together‚Ä¶..,not sarcastic
Getting real tired of having to refocus my lazy eye just to make my iPhone Face ID work ü•≤,not sarcastic
"Prayers go up, blessings come down",not sarcastic
Replace Pelosi #Nancy,not sarcastic
"Another day, another elementary math equation that people are arguing the answer in the comments on my Facebook feed",not sarcastic
Just booked my theory test.... Hahaha finally,not sarcastic
"Being a girl is about garish blue eyeshadow, mostly",not sarcastic
Pharmacy Benefit Managers are the first line of defense against rising drug costs. Unnecessary and burdensome government regulations make it harder for them to save you money. @WiltonSimpson @ChrisSprowls,not sarcastic
climate change is REAL and scary as FUCK. I resent every person financially sound and competent enough to counteract even an inch of humanity‚Äôs carbon footprint but disregarding any notion of being eco-friendly. the severity of these natural disasters are not normative.,not sarcastic
"I‚Äôm normally trashed when I make my friends deadly drinks, seeing the effects while sober I do not know why they continue to have me make them drinks.",not sarcastic
when i try to bond with my friends' boyfriends i feel like jane goodall,not sarcastic
"@fabulucy @den_jw Well now I am going to have to make my own... https://t.co/1UPUTyqChg
... ""frowned upon by the Scottish church"" - new tinder profile sorted.",not sarcastic
I wanna hurry up and get my 2nd dose of the vaccineüòñüòñ 2 more weeksüò¢,not sarcastic
Spanish farmers block traffic with tractors to demand fair prices for producers https://t.co/2LzU6m7Yxx,not sarcastic
Too much on my mind üòñ,not sarcastic
the hurricane has been completely underwhelming,not sarcastic
Wow it‚Äôs almost like we don‚Äôt nap every single day at the exact same time wow how dare I try to do the thing we do every single day!,sarcastic
my super power is always biting into the sour cream side of the burrito no matter what,sarcastic
"I think this is growing up...I never watch vh1 or MTV anymore, only hgtv and the food network...oh and of course SVU",not sarcastic
love waking up in a panic ü•¥ü•¥,sarcastic
need a new pfp pls send suggestions,not sarcastic
greatest british act of all time : one direction,not sarcastic
First proper Coffee in 4 months.,not sarcastic
@trpalomo Those boots must be tasty for how much they're choking on 'em üíÄ,sarcastic
Bran flakes must certifiably be the most boring cereal going,not sarcastic
It‚Äôs that time again. Please recommend some good period dramas and comedies.,not sarcastic
Sorry I've not been that active in chat! I have started an actual 9-5 job on top of finishing university! Hope everyone is doing good :D,not sarcastic
@claire_seiler THIS IS AMAZING,not sarcastic
"At the point in my life where my body keeps developing new allergies. My metabolism has slowed, hangovers are no joke anymore, and now I can't eat several of my favorite fruits. Screw wrinkles, this is the reason why people are afraid of getting old",not sarcastic
Someone come play Magic with me,not sarcastic
A day in the life of me: Today I googled ‚ÄúAir Bud quotes‚Äù for something work-related,not sarcastic
i‚Äôm watching a true crime doc while taylor reads harry potter fanfic this is the life i‚Äôve always wanted,not sarcastic
"what is the benefit of sugar besides making things taste sweet. all i hear is acne, tooth decay and insulin shots ü¶ß",not sarcastic
Headaches that last all day nonstopü•∞üòç,sarcastic
i almost forgot to tweet about jason bateman today,not sarcastic
"If you don't eat meat, or just fancy a meatless meal, I'd recommend this, it's delicious. I made it last night and as there are two of us and lots of pie we're having it again tonight. # vegetarian https://t.co/LfUE5kx8CR",not sarcastic
‚ÄúThe more you toot the more you poop‚Äù -my 6 yo nephew,not sarcastic
"Okay, well nice of 2020 to bless us with the gift of great sports team names - The Kraken and the Washington Football Team üòÇüòÇüòÇ",not sarcastic
Can't help but feel a bit pissed off with Kane after this. It's fair he wants to leave but he signed a contract. He doesn't get to throw a hissy fit and get a transfer that is financially unjustifiable. It's an unimaginably huge privilege to play football professionally. Turn up.,not sarcastic
i just absentmindedly scooped a spoonful of cat food into my cup of coffee. someone please save me from myself,not sarcastic
"I‚Äôve spent a thousand dollars in four days and the vet has given me an estimate that it will be an additional thousand over the next couple months for treatment 

Your generosity has been so helpful, I appreciate everyone who‚Äôs helped however they can!",not sarcastic
"if Covid didn‚Äôt happen, I‚Äôd have free travel round the country now smh",not sarcastic
Tell the liverpool players to get some beers and just sit on the grass for the full 90 mins. Let leeds score as many goals as they want. #NoToEuropeanSuperLeague,sarcastic
Poor Steve Clifford. Next hire has to be right to get us from A to B.  #Magic,not sarcastic
somebody tell these birds to be quiet because they not listening to me,sarcastic
"Love is so fucking weird.

Love made me want to die a thousand times over in the past, but now love makes me want to re-clean the toilet because I blew it up after she cleaned it.

I've never publicly said this, but my previous encounters with love were ponds, this one is a sea.",not sarcastic
Thank god I just accidentally snapped a rando guy from high school ‚Äòyas queen‚Äô with acne cream all over my face,sarcastic
It‚Äôs so cold that I tried to open my banana and it snapped it half,not sarcastic
Thoroughly enjoyed my first TeachMeet! Would definitely recommend it. It's like a teacher version of #TEDTalks @TeachMeetLeics,not sarcastic
took my dog to the vet today because i thought she had ringworm..turns out she was bit by a GNAT lmfao i am a drama queen,not sarcastic
Why is this 30 yr old man trying to flirt w/ me at this wedding and talking about getting away with dating younger girls. Sir I will call the authorities,sarcastic
I would like to dedicate my hot girl summer to the Eastpointe Chick-Fil-A. Thank you!,sarcastic
Cicadas are fucking ugly and I‚Äôve had the misfortune of seeing one at eye level two times this summer,not sarcastic
why is butter so extraordinary,not sarcastic
"today im grateful for: 
‚Ä¢old friends
   + their moms
‚Ä¢kittens
‚Ä¢shakira",not sarcastic
"Well, I had hoped the election would be called in time for my quarter-century birthday two days ago, but I‚Äôll accept this belated present from my fellow Americans. #BidenHarris2020 #election",not sarcastic
hey.................jus wonderin if u might wanna get some coffee w me sometime n defund the police together.. lmk,not sarcastic
"Surely if all Opticians boycotted contact lens manufacturers until they stopped supplying dodgy online stores, we'd end up with fewer parasitic sites that don't require a fit, aftercares or even a valid eye test.",not sarcastic
I only watch youtubers that apologize when they mention their video sponsor,not sarcastic
#lateishshow abz from five https://t.co/Twio2C9XfW,not sarcastic
"as a poly dude, this ""boyfriends"" comic is really fucking adorable i dont trust no bitches who say its ""fetishy"" or ""not good representation"" i love them id die 4 them",not sarcastic
SUNS TO THE FINALS LET'S GO #RallyTheValley,not sarcastic
"I just cleaned up my following list. If you feel I've unfollowed you in error, let me know. Friends and family whose Tweep names I didn't recognize, fellow writers with whom I've interacted once or twice or more, tweeple who just can't live without me. Y'all lemme hear from you.",not sarcastic
How is it possible that Sly Stallone‚Äôs ‚ÄòCobra‚Äô is both the best and the worst movie ever made?,sarcastic
"Me: You know, for someone with chronic anxiety I think I'm dealing with this pandemic quite well.

Also me: Wow, I forgot how good a freshly shaved undercut feels!",sarcastic
My life is complete. Just had the best peanut butter and toffee cupcake ever üòç,not sarcastic
quicksand is not as big of a problem in my adult life as I thought it would be,not sarcastic
"Maxwell, Arthur‚Äôs middle name is Grandpa‚Äôs name. So he has a piece of two very important people of Mikeys family. Grandpa is a incredible guy and this was probably the only thing at this point that we could give him to make him feel appreciated and loved. Grandpa loves his name.",not sarcastic
@TSM_Leffen I mean Japan was the favorite https://t.co/0H6FXmjzF5,not sarcastic
"The Drake and Josh theme song, ‚ÄúI Found a Way‚Äù, is the best Nickelodeon TV theme song and that is a fact",not sarcastic
#HappyBirthdayKeanuReeves Keanu Reeves is so wholesome ‚ò∫Ô∏è,sarcastic
"Don‚Äôt worry, 20 something people who follow me here, I brushed my hair for the first time in a week today. I know, impressive.",sarcastic
"""I can't wait to be a piece of shit with a bachelors degree""",sarcastic
"ok i can‚Äôt take this anymore, i‚Äôm gonna sit my ass down and watch this film, if it‚Äôs shit i stg i‚Äôm suing the internet for lying to me",not sarcastic
@McquaideNancy @BostonGlobe @GlobeOpinion Accountability includes appropriate consequences,not sarcastic
"And if you‚Äôre not going to vaccinate yourself, stay home, wear a mask when you go out, etc. Know that not being vaccinated means you have a moral responsibility to do your best to not spread this disease.",not sarcastic
"It‚Äôs my last full week of working from home üò£
Now it‚Äôs almost here, I don‚Äôt think I‚Äôm ready to go back to the office",not sarcastic
Just almost got hit on the highway by a @CityofSanDiego truck ü§™ tysm for making me feel safe guys!!!,sarcastic
"‚ÄúIf I could have changed anything about my childhood I would have never watched spongebob‚Äù

-no one",sarcastic
"Yay - snow day, I can work from home - oh wait....",sarcastic
"@BuzzPatterson I think in part we're misreading some of these antics.  He's a supremely narcissistic Pol, and as such he feels he can do just about anything, and act just about any way he likes.  He's tone deaf, and it's not a new habit!",not sarcastic
Idk how to explain it but watching snap videos takes energy,not sarcastic
@kevinabstract ye,not sarcastic
My tolerance for heat is near zero. Sweating putting washing out ü•µ,not sarcastic
‚Äúthere is no greater joy than to have an endlessly changing horizon‚Äù,not sarcastic
I still can‚Äôt believe England won the World Cup,sarcastic
"I claimed spy. Was I?
I was a spy the whole time. 
And I never lied.",not sarcastic
My boyfriends 4 year old son now likes Beyonc√©. #myjobisdonehere,not sarcastic
"I wanted to be so much harsher about Zoom meetings.

https://t.co/fR3GcEjvOV",not sarcastic
"i‚Äôve never been a runner/very fast at all, and it‚Äôs been a year or two since i‚Äôve been in what i would consider good shape, but i decided to work on that this summer. since the beginning of June i‚Äôve gone from running an 18:29 mile to running a 14:06 mile, and i am so proud",not sarcastic
10 years today since I left school. I‚Äôm in shock üò≥,not sarcastic
"Please consider map filters on online mutliplayer. Pretty pls, thanks @CallofDutyUK",sarcastic
It makes me sad to think that I'll graduate from high school and never see any of my friends ever again,not sarcastic
Being able to open all of the windows today because it‚Äôs warm makes me so ü•∫ü•∫ü•∫,not sarcastic
@BellularGaming Blizzard will have to make sure it doesn't exceed the recommended fun level of 10%.,sarcastic
"Wishing you all the luck today @britneyspears - we are all ROOTING for you, for change and for your freedom. All the love üíö‚òòÔ∏è #FreeBritney",not sarcastic
i hope my 6th grade english teacher knows he inspired my first tattoo :) there's no reason he would know that but i hope he just feels it in his bones,not sarcastic
"Funny Quote of the Day: ""I believe in luck: how else can you explain the success of those you dislike?"" - Jean Cocteau",sarcastic
I can‚Äôt wait to hear more about the life of an upper middle class East Asian American whose only personality trait is drinking boba tea https://t.co/SapbXLd0r2,sarcastic
Leaving this assignment to the last minute was probably not a smart move #w100,not sarcastic
When your walking and eating hot Cheetos at the same time and you get your move goal on your watch. That‚Äôs the definition of balance,not sarcastic
I love health insurance so much fun paying $100‚Äôs a month and then $100‚Äôs for basic medical services that somehow aren‚Äôt covered. #America,sarcastic
Jaegermeister did 9/11,sarcastic
I heard somebody unironically say Daddy God in a prayer today and akslfljsd why are Christians so cringey sometimes üò≠,not sarcastic
"Yep, the only reason I've stayed with 3 since Ovivo disappeared was the everywhere contract. If and when this reaches me then I'm offski. @ThreeUK https://t.co/Ob0ky1u2Rr",not sarcastic
"i love dolly parton. that‚Äôs all i have to say today, thanks.",not sarcastic
this is going to be the longest and shortest 20 days of my life.,not sarcastic
@tedcruz @Dream worst timeline,sarcastic
"sorry to the proctor for my chem exam last week that saw me cry for 20 mins. don‚Äôt worry, I changed my major ü§üüèºüò¨",not sarcastic
Today my pop-pop told me I was not ‚Äúforced‚Äù to go to college üôÉ okay sure sureeee,sarcastic
#europeansuperleague boycott it! Cancel any subscriptions and make a stand together. Don't just moan about it and do nothing!,not sarcastic
my short term memory has gotten so shit lately but the silver lining is that every time i listen to my playlists i‚Äôve had for months i still get that listening to a good song for the first time feeling,not sarcastic
life changing https://t.co/FHqiT5xedG,not sarcastic
if anyone sees me listening to tavern music or sea shanties on Spotify no you didn‚Äôt,not sarcastic
Here for the #gbbo and #masterchef tweets only,not sarcastic
Man I just love it when I'm forced to pitch two games back to back bc our other pitcher didn't show up,sarcastic
"When I feel like shit I like to go on wish, add a load of crap to my basket and then delete the app without buying any of it. Satisfies my need for shopping but doesn‚Äôt contribute to fast fashion.",not sarcastic
"Uh oh, what if after Trump recovers and tells everyone it wasn't a big deal all of his supporters will stop taking this seriously??",not sarcastic
Today was already weird and then my grandma added me on Snapchat ???,not sarcastic
i‚Äôm a sick. sick man..,not sarcastic
Does anyone have a PDF of excerpts from ch. 2 of Mill's On Liberty? I want to assign a chunk of the argument for free expression without asking my students to read the whole chapter.,not sarcastic
"attack on Titan I‚Äôm not ok

Saw a few leaks on purpose bc I like to torture myself and I‚Äôll wait to read the whole chapter tomorrow but oh my god oh my god I‚Äôm hurting",not sarcastic
i got so much done at work today we are all proud of me today ok?? ok???,not sarcastic
"My brain: ok you have 3 things to do 

My anxiety: ok you have 30 things to do",not sarcastic
How DARE my friends have jobs/boyfriends/lives they should consider my feelings and be free when I am,sarcastic
"A president who acknowledges the existence of systemic racism, climate change, trans lives, science - this gives me hope.",not sarcastic
i just sewed through my finger and my brain is just like ' how annoying is it that i just broke another needle and i'm going to have to buy some more' instead of OW I have 2 holes in my finger. can i swap brains,not sarcastic
"All I needed was some Lady Gaga and some Nicki on there and I think I could just use my Spotify Wrapped as a coming out post üíÖ
(Also was in the top 0.5% of Conan Gray‚Äôs fans, not to flex) https://t.co/tpREOJgevj",not sarcastic
new EP out in 15 minutes üòØ,not sarcastic
I‚Äôm in Canada so like Happy 4rth?,sarcastic
love when the train stops in philly and everybody boards and of a sudden it smells like a ham sandwich,sarcastic
U know when u leave a banana peel in your hot car and then it smells like a banana Laffy Taffy but also pretty disgusting?,not sarcastic
Honestly I just want someone to love me enough to bring me Grits and a Twix at 2:30amüëÄüôè,not sarcastic
wow. i left on time today and the airport connector is all the way backed up. love that,sarcastic
"@kirstiealley You're swallowing Trump's rhetoric without proof. There is ZERO evidence of anything illegal happening. You're blindly following and gullible for believing.

Proof is always needed. And the burden of proof is on the accuser.

Disappointed to see what you really are.",not sarcastic
Cast member: ‚ÄúI wish I was in the musical before this year. I‚Äôve never done anything at school before and now I feel more confident and I think I want to do a spring sport now too.‚Äù THIS. This is why I love directing HS theatre. It‚Äôs about so much more than performing. ‚ù§Ô∏è,not sarcastic
"The Drew Barrymore Show is an absolute trainwreck. Like The Tony Danza Show, every two minutes is a clip for The Soup.",sarcastic
So now that thats over how‚Äôs your day going guys?,not sarcastic
"when i die
show no pity
bury my body in party city",not sarcastic
"Hearing I love you is nice and all, but has your SO ever told you to eat shit? üòçüòçüòç ugh @samduhclam",sarcastic
"@beesmygod_ the people who are going ""yeah well The Assault Man said he didn't assault her so she's a liar"" are making ME crazier just from exposure",not sarcastic
Football is a rollercoaster. And all those losses and heartbreaks are all worth it for nights like this. #AVFC #AVLARS,not sarcastic
Passed my theory,not sarcastic
"I‚Äôve said it before and I‚Äôll say it again, go stream inbirdsong because it‚Äôs the best song ever made.",not sarcastic
@vincent72309193 @Brechannell @misseverywhereg @africanglo i grew up in texas and everyone who paid attention at any time from 1st grade-10th grade knew africa was a continent. we were also tested on all the continents multiple times in elementary.,not sarcastic
Kyle is out of town so i made a baked ziti and ate it out of the pan and watched the first three Twilight movies last night,not sarcastic
I‚Äôm at a weird point in my life where I‚Äôm on etsy looking for cute reusable tote bags,not sarcastic
"Mad how a bit of fake tan makes you feel like a new person. Like a more confident, bronzed person üë∏üèª",not sarcastic
That second vaccine dose is no joke is it üòµ been absolutely floored since Saturday,not sarcastic
Some man just cat called me by saying ‚Äúlet me take you home to explore that ass and that personality‚Äù,not sarcastic
i like starting conversations with ‚Äúalso‚Äù even though there was no proceeding sentence,not sarcastic
no more instagram. we must all return to scrapbooks.,sarcastic
do you think when a middle aged white man goes to buy a big lifted brand new F150 they check to make sure his penis is incredibly small?? or do they just take his word for it,sarcastic
i love shoegaze sm,not sarcastic
"I swear never have a conversation with your man about getting engaged, getting married or having kids because you‚Äôll never get the answerüòÇü§¶üèº‚Äç‚ôÄÔ∏è",not sarcastic
@BBCAMERICA Thanks for disrupting your narrative continuity with commercial break previews. #SpoilerAlert,sarcastic
"Listen, while @MarieKondo‚Äôs folding method saves a lot of space (and it does), it doesn‚Äôt save a lot of time. If you have multiple shirts of the same color, you have to unfold each of them to see what‚Äôs on the front.",not sarcastic
"Today has been a good day, I didn't fall off a ladder, my model train show tickets came, I got mentioned on @WWFCFancast, they liked my bostocks cup recommendation, and more importantly, they got my name right! Hurrah.",not sarcastic
my eye doctor is so cute and charming ok,not sarcastic
@RangersFC Well done üëç,not sarcastic
a level tudor history can do one,sarcastic
"#DominicCummings Sack him. Or better yet, charge him.",not sarcastic
Discussing the origins of twerking in class... It all started with DJ Jubilee in NOLA #whoknew,not sarcastic
What a wonderful time to have your AC go out https://t.co/jqjqG1dGOa,sarcastic
@OfficialPLT I'd love to get some awesome activewear to go with my t-shirt and help me in my May challenge for @Shelter üòÅü§ûüèº https://t.co/8NceX1fgTF,not sarcastic
@Rindian1st @FlyingCryptos Yes please let us know. I am interested in buying some LTC,not sarcastic
i heard marvins room again so naturally i just went ahead and made a whole breakup playlist,not sarcastic
@ChasetownFC1954 Evesham and Bedworth were presumably ticket priority games for Cup matches. I remember leaving the one in December after half an hour because I had to be somewhere else,not sarcastic
"@marcorubio @SecDef What‚Äôs more embarrassing is how terrible Florida is doing with containing COVID-19. An utter disgrace.  Wearing a mask to protect yourself and others is not embarrassing, it‚Äôs leadership.",not sarcastic
its 3 30 am and I have decided the only redeeming quality of a male is that I can put my freezing cold toes on him and leach his warmth,sarcastic
My adventure this week was going to a park and staring at a man trying to figure out if he was a statue or not. He was standing under a gazebo with all matching green on but I never saw him move but his hair looked real. Can you die standing up?,not sarcastic
do i like him or is his hair just curly??,sarcastic
I swear I‚Äôm watching more snapchat stories from what people were doing a year ago rather than now üôÑüòÇ,not sarcastic
"frozen bananas, peanut butter, cacao powder, almond milk, blend YOU WILL NOT BE DISAPPOINTED OH MY GOSH 10/10 best homemade ice cream üç®",not sarcastic
@DarkenerWoW @wochinimen @MissPurplePixie shit healer,not sarcastic
I haven‚Äôt used snap in so long and my short attention span/short term memory can‚Äôt keep track of what we‚Äôre talking about üò©,not sarcastic
"@SeanPenn hate club, i‚Äôm president",not sarcastic
"""When you ask for fish n chips they give you chicken right? It's not real fish right?"" -@saige_a",not sarcastic
i want tech to be banned for use in work relationships. i don't ever want my bosses asking me why im missing optional shit. just write me up at that point.,not sarcastic
@Jamie0Sharp Always ‚ù§Ô∏è,not sarcastic
#Snowden Sad to see intelligent Americans fall victim to the US propaganda machine in this case. So many lies set up to discredit by the US.,not sarcastic
I‚Äôm thankful for nuggets but also my amazing friends &amp; fam ‚ù§Ô∏è‚ù§Ô∏è,not sarcastic
Who's bored at home?,not sarcastic
I LOVE LORDE GOODNIGHT,not sarcastic
"Something really great about the initial Covid shutdown last year was the way it completely erased March Madness from the calendar. Missing that, tbqhwyrn.",not sarcastic
Every year I watch Soccer Aid and I always forget that Mark Wright is an actually good footballer,not sarcastic
"‚Äútit for tat, butter for fat, you kill my dog, i eat your cat‚Äù is a liberian proverb for ‚Äúan eye for an eye‚Äù. my ancestors were spittin‚Äô",sarcastic
Chloe and Toby just minding their business ü§£,not sarcastic
shut the hell up https://t.co/QeOnvsraNM,not sarcastic
In¬†‚ÄãBostrom's words: https://t.co/eqt6oEjwcX,not sarcastic
I hired a housekeeper...I didn‚Äôt want to but I‚Äôm feeling exhausted to where I‚Äôm running on fumes constantly.,not sarcastic
@thecauseendures Everything goes to financial security to be able to afford decent  housing.,not sarcastic
"@ownyourowndata @Algorandd Be nice to add more to my pot, maybe one day i can give some away.. #Algorand",not sarcastic
"So, a country that is trillions in debt, with numbers approaching 13 million on surgical waiting lists and hurtling towards facism regime, is talking about rescuing people from a facist regime?",sarcastic
Why perform at the @BRITs if you‚Äôre going to mime? üßê,not sarcastic
Drum and bass is dangerous stuff don't you know.. #FabricReview üôèüèªüôèüèªüôèüèª,sarcastic
Just getting some WD40 on my letter box to help the poor postman with his delivery today #valentinesday2021 #WD40,sarcastic
@SeasonIncarnate I think you are wonderful! I adore you! üçûü§ºüé¢üòé,not sarcastic
Just ate a toasted PB &amp; honey sandwich for lunch. IT WAS ABSOLUTE BLISS. What are you having for lunch today?,not sarcastic
Yay for being locked out of your own  house because you forgot your key,sarcastic
why did no one tell me that SSRIs cause hand shaking/jitters cause this shit sucks,not sarcastic
"Unpopular opinion: a cruise is my idea of hell. 

I don't care how expensive/ luxurious it is, it's a firm no.",not sarcastic
What‚Äôs in the pollen this year bcos this hayfever is up in my GRILL,not sarcastic
@c_j_mcburney Suspect there‚Äôs still room for you in the ground,sarcastic
life is so much better with a heating blanket,not sarcastic
@dunkindonuts @hannahebridges this is iconic hannah,not sarcastic
IBIZA HAS JUST BEEN BOOKED AGAIN wohooooooooo üéâüëèüéâüëè,not sarcastic
"""This is not just a black people issue, this is a HUMAN RIGHTS issue."" Leslie Redmond, President, NAACP Minneapolis",not sarcastic
thank you @Ranboosaysstuff i just shit my pants üëçvery cool #ranbooemail,sarcastic
Only posting selfie‚Äôs?? On YOUR own Instagram account?? Crazy right,sarcastic
Idk how ppl discuss their mental health issues openly on the internet,not sarcastic
why are salads so expensive?!It's like I'm being punished for tryna eat healthy...,not sarcastic
Xmas shopping all done thank god üòÖ,not sarcastic
can i get a yeet yeEt for anxiety?,not sarcastic
AS SHE SHOULD https://t.co/v1p2hHIC1i,not sarcastic
Here we go again! We are expecting! Our third baby is due Feb 2022! Absolutely terrified of having 2 under 2 and a 10 year old but we move baby! This is the last addition to the family so going to enjoy this for the very last time ‚ù§Ô∏èüë∂üèΩ,not sarcastic
Cheers @ASOS delivery lady for dropping my parcel off covered in coffee üòíüëåüèº https://t.co/UzY4gJS9DE,sarcastic
so in loveeeü•µüòç,not sarcastic
i love ingesting poison and then wondering why my tummy is rumbling the next morning,sarcastic
2021 will u think about me ?,not sarcastic
I‚Äôm not going to lie I didn‚Äôt realise haircuts or should I say ‚Äúfresh trims‚Äù were so important to guys before lockdownüíáüèª‚Äç‚ôÇÔ∏èüòÇ,not sarcastic
Not at all concerning that a man's just been round to fiddle with the boiler and now he's left the carbon monoxide alarm won't stop beeping,sarcastic
@TheLunaCinema @seetickets absolutely no response from Luna Cinema and my completely factual review on See Tickets has been moderated and will not be published ü§î great to see @seetickets looking out for their customers. Excellent customer service all round üëè,sarcastic
Saw @Harry_Styles in Hampstead today. What a fine young specimen of a man. My lord. Handsome. üíö‚òòÔ∏è,not sarcastic
Many people have said ‚ÄúI‚Äôll always be here for you‚Äù. Only a few have actually meant it &amp; I thank God for those people   every day.,not sarcastic
Holly Arnold ??? Who #ImACeleb  #MBE nope not sure oh hang on you mean MBE yes that‚Äôs her !!!,sarcastic
"No joke, air-fried Twisted Teas are THE BEST.",sarcastic
"Yesterday a stranger went into detail telling me how much better her new man is compared to her ex husband at oral sex, and it was a weird conversation but I guess I‚Äôm happy for her. New Year new mens.",not sarcastic
I ask myself everyday why did i pick art?,not sarcastic
I would do so much for people that would do absolutely nothing for me lol at least i know who my true friends areüòÄ,sarcastic
"I‚Äôm so glad I know the quadratic formula from 8th grade instead of knowing how to pay taxes, get ready for college, oh OR ANYTHING ELSE USEFUL THAT INVOLVES BECOMING AND ADULT ü§†ü•∞",sarcastic
thunderstormsüòçüòç,not sarcastic
Does anyone else sit in their car for at least ten minutes to mentally prepare to enter the grocery store?,not sarcastic
"not to brag, but my thesis topic was so good that someone else published on it three months ago üôÉ",sarcastic
WHY IS IT SO HARD TO FIND SOMEWHERE TO SWIMMM ü•µ,not sarcastic
"Not a single conservative tear then for this absolutely drunk on power statement, but now that Biden makes some vague promises he can‚Äôt and won‚Äôt back up, they‚Äôre absolutely quaking in fear. The crocodile tears are astounding. Hypocrisy is just the conservative platform now.",not sarcastic
