intent,utterance
sarcastic,"Oh, because I just love spending hours in traffic! ğŸ˜’"
sarcastic,"Oh, what a surprise! My coffee is cold again. ğŸ˜"
sarcastic,"Wow, I never knew that a two-hour meeting could be so productive. ğŸ™„"
sarcastic,I really enjoy paying bills. It's the highlight of my month. ğŸ’¸
sarcastic,"Another Monday, the best day of the week! ğŸ˜…"
sarcastic,"Just what I wanted, more unsolicited advice from strangers on the internet. ğŸ™ƒ"
sarcastic,"Of course, I always look forward to getting stuck in a traffic jam. ğŸš—"
sarcastic,I love it when my phone battery dies right when I need it the most! ğŸ”‹
sarcastic,"Oh, another 20-page terms and conditions to accept without reading. How exciting! ğŸ“„"
sarcastic,My favorite activity is waiting in long lines. It's so much fun! ğŸ™Œ
sarcastic,"Yes, please tell me more about your amazing diet and workout routine. I'm taking notes. ğŸ”ğŸ‹ï¸"
sarcastic,Spending the weekend doing chores? What a thrilling life I lead. ğŸ˜’
sarcastic,I always wanted to get a million spam emails every day. My dream come true! ğŸ“§
sarcastic,Thank you for sharing your political opinions on social media. I was lost without them. ğŸ™„
sarcastic,"Sure, I'd love to work late on a Friday night. It's a blast! ğŸ•”"
sarcastic,Because I definitely enjoy watching commercials on TV. So much better than the actual show. ğŸ“º
sarcastic,I love how my neighbors blast music at 2 AM. It's like a free concert! ğŸµ
sarcastic,"Of course, I want to hear more about your recent dreams. They're so fascinating. ğŸ˜´"
sarcastic,I can't wait to sit in a waiting room for hours reading outdated magazines. ğŸ˜¬
sarcastic,"Yes, please tell me more about your 'get rich quick' scheme. It sounds legit. ğŸ’°"
sarcastic,My phone's autocorrect is just sooo amazing. It's like it reads my mind. ğŸ˜¡
sarcastic,"Oh, another traffic jam? My day is complete! ğŸš—"
sarcastic,What a great time to run out of coffee at home. Just perfect. â˜•
sarcastic,I love how my computer always crashes when I have important work to do. ğŸ’»
sarcastic,So happy to hear about your unending relationship drama. It's gripping. ğŸ’”
sarcastic,I absolutely cherish those robocalls during dinner. They're so polite. ğŸ“
sarcastic,Thank you for sharing your unsolicited opinions on my life choices. ğŸ˜’
sarcastic,"Yes, I totally look forward to paying my taxes every year. It's a joy. ğŸ’¸"
sarcastic,I can't wait to see more photos of your amazing meal. Please share them all! ğŸ•
sarcastic,"Of course, I love getting stuck in the middle seat on the airplane. So spacious! âœˆï¸"
sarcastic,I just adore getting stuck in traffic when I'm running late. It's a thrill! ğŸš—
sarcastic,Spending my evening on hold with customer service is my idea of a good time. ğŸ“
sarcastic,My favorite hobby is watching the loading wheel spin endlessly. So exciting! â³
sarcastic,"Yes, please share more inspirational quotes on social media. They're life-changing. ğŸ™"
sarcastic,I absolutely love it when my computer crashes right before I save my work. ğŸ’»
sarcastic,I look forward to reading more clickbait articles. They're so informative. ğŸ“°
sarcastic,Thank you for enlightening me with your deep thoughts on reality TV. ğŸ“º
sarcastic,I love getting caught in the rain without an umbrella. It's so refreshing! â˜”
sarcastic,I always enjoy having my social media feed flooded with baby photos. ğŸ‘¶
sarcastic,I'm thrilled to hear about your recent diet and fitness achievements. ğŸ”ğŸ’ª
sarcastic,"Of course, I want to hear more about your random dreams. They're so fascinating. ğŸ˜´"
sarcastic,I cherish the opportunity to listen to elevator music during my phone call. ğŸ¶
sarcastic,I'm thrilled to be stuck in a never-ending Zoom meeting. It's a party! ğŸ“·
sarcastic,I love it when my GPS takes me on scenic detours. So adventurous! ğŸ—ºï¸
sarcastic,I'm so excited to receive another telemarketing call during dinner. ğŸ“
